Name,Age,Income
Shane Willis,49,29552
Alexa Walters,32,63507
Colson Trejo,38,48746
Rosalyn Logan,42,52392
Rocco Caldwell,79,36283
Evelynn Clark,74,25821
John Dyer,42,33580
Estrella Hebert,78,51103
Guillermo Greene,27,59609
Selena Morse,72,56718
Bode Monroe,27,40690
Carly Esquivel,29,59178
Bridger Ellison,48,98821
Raina Dejesus,27,34754
Rio Sierra,28,58755
Marceline Lynn,42,94534
Zechariah Potter,62,56112
Rory Russo,73,44323
Jamie Rosas,68,51867
Joelle Flowers,75,41182
Saul Humphrey,38,78441
Journi Sims,55,91629
Brian Navarro,33,30556
Winter Mann,23,39540
Nehemiah Livingston,43,88589
Milena Calderon,68,55825
Oakley Simpson,28,32648
Anastasia Jordan,79,46393
Sawyer Wiley,57,28898
Lauryn Randall,40,50249
Trenton Casey,36,72442
Sylvia Gaines,70,69643
Talon Weeks,66,34086
Karen McCarty,32,95492
Blaise Suarez,70,93627
Jimena Hale,44,40896
Ezequiel Sampson,51,40516
Meilani Lane,35,81535
Matias Sweeney,24,31173
Yara Macdonald,63,37281
Hugh Howe,20,81459
Persephone Simon,24,33330
Zayne Hodge,46,54714
Coraline Shah,28,61812
Zain Greer,66,45674
Reina Johns,26,53273
Joziah Brennan,66,86097
Elodie Cortez,74,42104
Zayn O’Donnell,73,62500
Bellamy Morgan,64,30632
Hunter Morrison,59,97483
Rebecca Hubbard,70,35014
Forrest Shah,46,45384
Angelica Bravo,32,69091
Genesis Houston,26,30377
Lylah Jaramillo,20,25982
Riggs Bernal,43,33254
Emmeline Dawson,21,33056
Iker Carter,21,64382
Lucy Walsh,72,48881
Bodhi Morrow,35,51200
Reyna Hampton,56,84016
Hank Morgan,69,52445
Delilah Person,24,61991
Moses Sosa,46,70232
Cassandra Hebert,64,27141
Guillermo Cochran,68,38123
Alma Hurst,65,38253
Neil Ingram,68,94998
Katie Stokes,61,64520
Santana Ray,67,83507
Ruth Peralta,73,83105
Dangelo Lucero,47,94719
Ila Whitehead,52,57511
Zayd Felix,61,72398
Paisleigh Rangel,20,89414
Saint Hansen,20,25520
Hope Morris,24,63539
Christian Moon,54,41114
Naya Curtis,45,36930
Muhammad Jefferson,20,74330
Julieta Preston,31,48582
Vincenzo Herman,75,92176
Paulina Bowers,52,81785
Dorian Jimenez,44,85911
Adeline House,75,82922
Yehuda Villanueva,60,92818
Monroe Parsons,67,88575
Lewis Vasquez,28,32291
Rose Mendoza,48,49898
Dominic Li,78,85453
Paige Henry,58,93046
Carlos Douglas,76,35565
Aniyah O’Connell,77,58994
Jovanni Garrett,75,81377
Tessa Palmer,74,34847
Theo Rojas,55,76157
Adaline Rodgers,79,40923
Mathias Nielsen,34,57345
Adelaide Dawson,54,75998
Khizar Karawita,87,16515
